{
  "state_fips": "04",
  "year": 2024,
  "total_loans": 179701,
  "total_amount": 4652632.0,
  "pct_loans_under_100k": 96.0595656117662,
  "pct_loans_100k_250k": 2.2348234010940398,
  "pct_loans_250k_1m": 1.705610987139749,
  "pct_loans_sb_under_1m": 55.735916884157575,
  "pct_loans_lmi_tract": 20.714408934841767,
  "pct_amount_under_100k": 49.42445480321676,
  "pct_amount_250k_1m": 36.49205438985933,
  "pct_amount_sb_under_1m": 33.621636097589494,
  "pct_amount_lmi_tract": 24.94888914489691,
  "pct_loans_low_income": 2.720073900534777,
  "pct_loans_moderate_income": 17.99433503430699,
  "pct_loans_middle_income": 32.226309258156604,
  "pct_loans_upper_income": 46.36089949415974,
  "pct_amount_low_income": 4.7376409739691425,
  "pct_amount_moderate_income": 20.211248170927767,
  "pct_amount_middle_income": 29.979009730406357,
  "pct_amount_upper_income": 43.78212160342791,
  "num_under_100k": 172620,
  "num_100k_250k": 4016,
  "num_250k_1m": 3065,
  "amt_under_100k": 2299538.0,
  "amt_250k_1m": 1697841.0,
  "numsb_under_1m": 100158,
  "amtsb_under_1m": 1564291.0,
  "lmi_tract_loans": 37224,
  "lmi_tract_amount": 1160780.0,
  "low_income_loans": 4888,
  "moderate_income_loans": 32336,
  "middle_income_loans": 57911,
  "upper_income_loans": 83311,
  "low_income_amount": 220425.0,
  "moderate_income_amount": 940355.0,
  "middle_income_amount": 1394813.0,
  "upper_income_amount": 2037021.0
}