{
  "state_fips": "05",
  "year": 2024,
  "total_loans": 57902,
  "total_amount": 2597409.0,
  "pct_loans_under_100k": 90.63417498532003,
  "pct_loans_100k_250k": 5.289972712514248,
  "pct_loans_250k_1m": 4.075852302165728,
  "pct_loans_sb_under_1m": 54.43853407481607,
  "pct_loans_lmi_tract": 20.27045697903354,
  "pct_amount_under_100k": 33.739391832399136,
  "pct_amount_250k_1m": 46.47596893673657,
  "pct_amount_sb_under_1m": 43.250177388312736,
  "pct_amount_lmi_tract": 24.12596552949497,
  "pct_loans_low_income": 2.747746191841387,
  "pct_loans_moderate_income": 17.522710787192153,
  "pct_loans_middle_income": 47.04673413699009,
  "pct_loans_upper_income": 32.09560982349487,
  "pct_amount_low_income": 3.982430183309598,
  "pct_amount_moderate_income": 20.14353534618537,
  "pct_amount_middle_income": 43.96219463319023,
  "pct_amount_upper_income": 31.174951653744177,
  "num_under_100k": 52479,
  "num_100k_250k": 3063,
  "num_250k_1m": 2360,
  "amt_under_100k": 876350.0,
  "amt_250k_1m": 1207171.0,
  "numsb_under_1m": 31521,
  "amtsb_under_1m": 1123384.0,
  "lmi_tract_loans": 11737,
  "lmi_tract_amount": 626650.0,
  "low_income_loans": 1591,
  "moderate_income_loans": 10146,
  "middle_income_loans": 27241,
  "upper_income_loans": 18584,
  "low_income_amount": 103440.0,
  "moderate_income_amount": 523210.0,
  "middle_income_amount": 1141878.0,
  "upper_income_amount": 809741.0
}