{
  "state_fips": "08",
  "year": 2024,
  "total_loans": 180078,
  "total_amount": 5032582.0,
  "pct_loans_under_100k": 95.56525505614233,
  "pct_loans_100k_250k": 2.3834116327369252,
  "pct_loans_250k_1m": 2.0513333111207364,
  "pct_loans_sb_under_1m": 56.54993947067381,
  "pct_loans_lmi_tract": 21.79611057430669,
  "pct_amount_under_100k": 45.80694363251309,
  "pct_amount_250k_1m": 40.06955077930176,
  "pct_amount_sb_under_1m": 35.96024863578974,
  "pct_amount_lmi_tract": 24.90169062322283,
  "pct_loans_low_income": 2.7710214462621754,
  "pct_loans_moderate_income": 19.025089128044513,
  "pct_loans_middle_income": 37.39324070680483,
  "pct_loans_upper_income": 39.26687324381657,
  "pct_amount_low_income": 3.5579748129290296,
  "pct_amount_moderate_income": 21.3437158102938,
  "pct_amount_middle_income": 35.576827163471954,
  "pct_amount_upper_income": 37.1251973638979,
  "num_under_100k": 172092,
  "num_100k_250k": 4292,
  "num_250k_1m": 3694,
  "amt_under_100k": 2305272.0,
  "amt_250k_1m": 2016533.0,
  "numsb_under_1m": 101834,
  "amtsb_under_1m": 1809729.0,
  "lmi_tract_loans": 39250,
  "lmi_tract_amount": 1253198.0,
  "low_income_loans": 4990,
  "moderate_income_loans": 34260,
  "middle_income_loans": 67337,
  "upper_income_loans": 70711,
  "low_income_amount": 179058.0,
  "moderate_income_amount": 1074140.0,
  "middle_income_amount": 1790433.0,
  "upper_income_amount": 1868356.0
}