{
  "state_fips": "10",
  "year": 2024,
  "total_loans": 30397,
  "total_amount": 844107.0,
  "pct_loans_under_100k": 95.4765272888772,
  "pct_loans_100k_250k": 2.552883508240945,
  "pct_loans_250k_1m": 1.9705892028818635,
  "pct_loans_sb_under_1m": 48.93575023851038,
  "pct_loans_lmi_tract": 29.2166990163503,
  "pct_amount_under_100k": 47.274101506088684,
  "pct_amount_250k_1m": 37.57995135687774,
  "pct_amount_sb_under_1m": 31.51460656054268,
  "pct_amount_lmi_tract": 30.122839876935032,
  "pct_loans_low_income": 2.799618383393098,
  "pct_loans_moderate_income": 26.4170806329572,
  "pct_loans_middle_income": 40.66848702174557,
  "pct_loans_upper_income": 25.33802677895845,
  "pct_amount_low_income": 2.671699204010866,
  "pct_amount_moderate_income": 27.45114067292417,
  "pct_amount_middle_income": 40.718297561802,
  "pct_amount_upper_income": 22.477719056944203,
  "num_under_100k": 29022,
  "num_100k_250k": 776,
  "num_250k_1m": 599,
  "amt_under_100k": 399044.0,
  "amt_250k_1m": 317215.0,
  "numsb_under_1m": 14875,
  "amtsb_under_1m": 266017.0,
  "lmi_tract_loans": 8881,
  "lmi_tract_amount": 254269.0,
  "low_income_loans": 851,
  "moderate_income_loans": 8030,
  "middle_income_loans": 12362,
  "upper_income_loans": 7702,
  "low_income_amount": 22552.0,
  "moderate_income_amount": 231717.0,
  "middle_income_amount": 343706.0,
  "upper_income_amount": 189736.0
}