{
  "state_fips": "17",
  "year": 2024,
  "total_loans": 305794,
  "total_amount": 10365869.0,
  "pct_loans_under_100k": 93.86482403186459,
  "pct_loans_100k_250k": 3.280312890377182,
  "pct_loans_250k_1m": 2.8548630777582296,
  "pct_loans_sb_under_1m": 57.06684892443933,
  "pct_loans_lmi_tract": 20.31988855242418,
  "pct_amount_under_100k": 37.7152942990115,
  "pct_amount_250k_1m": 45.964096208431734,
  "pct_amount_sb_under_1m": 32.61132279406579,
  "pct_amount_lmi_tract": 19.879973401168776,
  "pct_loans_low_income": 4.061230763193523,
  "pct_loans_moderate_income": 16.258657789230657,
  "pct_loans_middle_income": 35.67499689333342,
  "pct_loans_upper_income": 43.52472579579717,
  "pct_amount_low_income": 4.440216252009359,
  "pct_amount_moderate_income": 15.43975714915942,
  "pct_amount_middle_income": 36.57521622162117,
  "pct_amount_upper_income": 43.06588285072868,
  "num_under_100k": 287033,
  "num_100k_250k": 10031,
  "num_250k_1m": 8730,
  "amt_under_100k": 3909518.0,
  "amt_250k_1m": 4764578.0,
  "numsb_under_1m": 174507,
  "amtsb_under_1m": 3380447.0,
  "lmi_tract_loans": 62137,
  "lmi_tract_amount": 2060732.0,
  "low_income_loans": 12419,
  "moderate_income_loans": 49718,
  "middle_income_loans": 109092,
  "upper_income_loans": 133096,
  "low_income_amount": 460267.0,
  "moderate_income_amount": 1600465.0,
  "middle_income_amount": 3791339.0,
  "upper_income_amount": 4464153.0
}