{
  "state_fips": "20",
  "year": 2024,
  "total_loans": 48998,
  "total_amount": 1871668.0,
  "pct_loans_under_100k": 92.96093718110944,
  "pct_loans_100k_250k": 3.6021878444018123,
  "pct_loans_250k_1m": 3.4368749744887546,
  "pct_loans_sb_under_1m": 52.949099963263805,
  "pct_loans_lmi_tract": 15.986366790481243,
  "pct_amount_under_100k": 34.7796190349998,
  "pct_amount_250k_1m": 49.331184804142616,
  "pct_amount_sb_under_1m": 34.16551439678405,
  "pct_amount_lmi_tract": 16.731760119850314,
  "pct_loans_low_income": 2.749091799665292,
  "pct_loans_moderate_income": 13.237274990815951,
  "pct_loans_middle_income": 40.793501775582676,
  "pct_loans_upper_income": 41.10167761949467,
  "pct_amount_low_income": 2.998448442779382,
  "pct_amount_moderate_income": 13.733311677070933,
  "pct_amount_middle_income": 37.03546782869612,
  "pct_amount_upper_income": 40.371529566141,
  "num_under_100k": 45549,
  "num_100k_250k": 1765,
  "num_250k_1m": 1684,
  "amt_under_100k": 650959.0,
  "amt_250k_1m": 923316.0,
  "numsb_under_1m": 25944,
  "amtsb_under_1m": 639465.0,
  "lmi_tract_loans": 7833,
  "lmi_tract_amount": 313163.0,
  "low_income_loans": 1347,
  "moderate_income_loans": 6486,
  "middle_income_loans": 19988,
  "upper_income_loans": 20139,
  "low_income_amount": 56121.0,
  "moderate_income_amount": 257042.0,
  "middle_income_amount": 693181.0,
  "upper_income_amount": 755621.0
}