{
  "state_fips": "23",
  "year": 2024,
  "total_loans": 31826,
  "total_amount": 1263832.0,
  "pct_loans_under_100k": 92.22333940803117,
  "pct_loans_100k_250k": 4.376924527116195,
  "pct_loans_250k_1m": 3.399736064852636,
  "pct_loans_sb_under_1m": 56.80261421479293,
  "pct_loans_lmi_tract": 16.715892666373406,
  "pct_amount_under_100k": 37.46890409484805,
  "pct_amount_250k_1m": 44.07611138189253,
  "pct_amount_sb_under_1m": 39.46196962887472,
  "pct_amount_lmi_tract": 15.267931180726551,
  "pct_loans_low_income": 0.5310123798152454,
  "pct_loans_moderate_income": 16.18488028655816,
  "pct_loans_middle_income": 57.022560170929424,
  "pct_loans_upper_income": 26.104442908313956,
  "pct_amount_low_income": 0.5730191987542649,
  "pct_amount_moderate_income": 14.694911981972286,
  "pct_amount_middle_income": 58.41551725229303,
  "pct_amount_upper_income": 26.230226802296507,
  "num_under_100k": 29351,
  "num_100k_250k": 1393,
  "num_250k_1m": 1082,
  "amt_under_100k": 473544.0,
  "amt_250k_1m": 557048.0,
  "numsb_under_1m": 18078,
  "amtsb_under_1m": 498733.0,
  "lmi_tract_loans": 5320,
  "lmi_tract_amount": 192961.0,
  "low_income_loans": 169,
  "moderate_income_loans": 5151,
  "middle_income_loans": 18148,
  "upper_income_loans": 8308,
  "low_income_amount": 7242.0,
  "moderate_income_amount": 185719.0,
  "middle_income_amount": 738274.0,
  "upper_income_amount": 331506.0
}