{
  "state_fips": "24",
  "year": 2024,
  "total_loans": 157527,
  "total_amount": 3966142.0,
  "pct_loans_under_100k": 96.10860360446146,
  "pct_loans_100k_250k": 2.266278161838923,
  "pct_loans_250k_1m": 1.6251182336996197,
  "pct_loans_sb_under_1m": 54.77664146463781,
  "pct_loans_lmi_tract": 20.86816863140922,
  "pct_amount_under_100k": 49.96886142755353,
  "pct_amount_250k_1m": 35.25067937557455,
  "pct_amount_sb_under_1m": 36.920664968626944,
  "pct_amount_lmi_tract": 19.47673583043673,
  "pct_loans_low_income": 3.5911304093901366,
  "pct_loans_moderate_income": 17.277038222019083,
  "pct_loans_middle_income": 41.0424879544459,
  "pct_loans_upper_income": 37.764954579214994,
  "pct_amount_low_income": 3.9106769248302253,
  "pct_amount_moderate_income": 15.566058905606505,
  "pct_amount_middle_income": 42.97821409319182,
  "pct_amount_upper_income": 36.8647668187372,
  "num_under_100k": 151397,
  "num_100k_250k": 3570,
  "num_250k_1m": 2560,
  "amt_under_100k": 1981836.0,
  "amt_250k_1m": 1398092.0,
  "numsb_under_1m": 86288,
  "amtsb_under_1m": 1464326.0,
  "lmi_tract_loans": 32873,
  "lmi_tract_amount": 772475.0,
  "low_income_loans": 5657,
  "moderate_income_loans": 27216,
  "middle_income_loans": 64653,
  "upper_income_loans": 59490,
  "low_income_amount": 155103.0,
  "moderate_income_amount": 617372.0,
  "middle_income_amount": 1704577.0,
  "upper_income_amount": 1462109.0
}