{
  "state_fips": "25",
  "year": 2024,
  "total_loans": 185014,
  "total_amount": 4869183.0,
  "pct_loans_under_100k": 95.76950933442875,
  "pct_loans_100k_250k": 2.5003513247646123,
  "pct_loans_250k_1m": 1.7301393408066417,
  "pct_loans_sb_under_1m": 52.754386154561274,
  "pct_loans_lmi_tract": 22.917184645486287,
  "pct_amount_under_100k": 49.49820123827755,
  "pct_amount_250k_1m": 34.86085858757003,
  "pct_amount_sb_under_1m": 32.94265177546213,
  "pct_amount_lmi_tract": 22.471223611846174,
  "pct_loans_low_income": 6.484914655107181,
  "pct_loans_moderate_income": 16.432269990379105,
  "pct_loans_middle_income": 37.710119234220116,
  "pct_loans_upper_income": 38.40790426670414,
  "pct_amount_low_income": 6.482956175604819,
  "pct_amount_moderate_income": 15.988267436241358,
  "pct_amount_middle_income": 37.22733362044515,
  "pct_amount_upper_income": 39.17757866155369,
  "num_under_100k": 177187,
  "num_100k_250k": 4626,
  "num_250k_1m": 3201,
  "amt_under_100k": 2410158.0,
  "amt_250k_1m": 1697439.0,
  "numsb_under_1m": 97603,
  "amtsb_under_1m": 1604038.0,
  "lmi_tract_loans": 42400,
  "lmi_tract_amount": 1094165.0,
  "low_income_loans": 11998,
  "moderate_income_loans": 30402,
  "middle_income_loans": 69769,
  "upper_income_loans": 71060,
  "low_income_amount": 315667.0,
  "moderate_income_amount": 778498.0,
  "middle_income_amount": 1812667.0,
  "upper_income_amount": 1907628.0
}