{
  "state_fips": "26",
  "year": 2024,
  "total_loans": 190254,
  "total_amount": 6525611.0,
  "pct_loans_under_100k": 94.03166293481347,
  "pct_loans_100k_250k": 3.0842978334226876,
  "pct_loans_250k_1m": 2.8840392317638526,
  "pct_loans_sb_under_1m": 53.286658887592374,
  "pct_loans_lmi_tract": 22.086263626520335,
  "pct_amount_under_100k": 37.97371617768819,
  "pct_amount_250k_1m": 46.68672404775583,
  "pct_amount_sb_under_1m": 32.98382327723795,
  "pct_amount_lmi_tract": 24.261988647499827,
  "pct_loans_low_income": 4.12448621316766,
  "pct_loans_moderate_income": 17.961777413352674,
  "pct_loans_middle_income": 38.47435533549886,
  "pct_loans_upper_income": 37.91352612822858,
  "pct_amount_low_income": 4.874838540023302,
  "pct_amount_moderate_income": 19.387150107476526,
  "pct_amount_middle_income": 38.97518561863402,
  "pct_amount_upper_income": 34.13971503971045,
  "num_under_100k": 178899,
  "num_100k_250k": 5868,
  "num_250k_1m": 5487,
  "amt_under_100k": 2478017.0,
  "amt_250k_1m": 3046594.0,
  "numsb_under_1m": 101380,
  "amtsb_under_1m": 2152396.0,
  "lmi_tract_loans": 42020,
  "lmi_tract_amount": 1583243.0,
  "low_income_loans": 7847,
  "moderate_income_loans": 34173,
  "middle_income_loans": 73199,
  "upper_income_loans": 72132,
  "low_income_amount": 318113.0,
  "moderate_income_amount": 1265130.0,
  "middle_income_amount": 2543369.0,
  "upper_income_amount": 2227825.0
}