{
  "state_fips": "30",
  "year": 2024,
  "total_loans": 31405,
  "total_amount": 1164104.0,
  "pct_loans_under_100k": 92.85464098073555,
  "pct_loans_100k_250k": 4.085336729820092,
  "pct_loans_250k_1m": 3.060022289444356,
  "pct_loans_sb_under_1m": 54.048718356949536,
  "pct_loans_lmi_tract": 14.513612482088838,
  "pct_amount_under_100k": 39.98809384728512,
  "pct_amount_250k_1m": 41.741459525953005,
  "pct_amount_sb_under_1m": 39.55058998165112,
  "pct_amount_lmi_tract": 16.28007463250706,
  "pct_loans_low_income": 0.7132622193918167,
  "pct_loans_moderate_income": 13.800350262697023,
  "pct_loans_middle_income": 60.46489412513931,
  "pct_loans_upper_income": 24.23181022130234,
  "pct_amount_low_income": 0.5820785771717991,
  "pct_amount_moderate_income": 15.697996055335262,
  "pct_amount_middle_income": 56.51857565990668,
  "pct_amount_upper_income": 25.862122284606876,
  "num_under_100k": 29161,
  "num_100k_250k": 1283,
  "num_250k_1m": 961,
  "amt_under_100k": 465503.0,
  "amt_250k_1m": 485914.0,
  "numsb_under_1m": 16974,
  "amtsb_under_1m": 460410.0,
  "lmi_tract_loans": 4558,
  "lmi_tract_amount": 189517.0,
  "low_income_loans": 224,
  "moderate_income_loans": 4334,
  "middle_income_loans": 18989,
  "upper_income_loans": 7610,
  "low_income_amount": 6776.0,
  "moderate_income_amount": 182741.0,
  "middle_income_amount": 657935.0,
  "upper_income_amount": 301062.0
}