{
  "state_fips": "35",
  "year": 2024,
  "total_loans": 32795,
  "total_amount": 901153.0,
  "pct_loans_under_100k": 95.35295014483916,
  "pct_loans_100k_250k": 2.582710779082177,
  "pct_loans_250k_1m": 2.0643390760786704,
  "pct_loans_sb_under_1m": 54.38329013569142,
  "pct_loans_lmi_tract": 26.763226101539868,
  "pct_amount_under_100k": 44.29880386571426,
  "pct_amount_250k_1m": 40.44374262750055,
  "pct_amount_sb_under_1m": 34.3888329728692,
  "pct_amount_lmi_tract": 32.088557658910304,
  "pct_loans_low_income": 4.555572495807287,
  "pct_loans_moderate_income": 22.20765360573258,
  "pct_loans_middle_income": 36.1122122274737,
  "pct_loans_upper_income": 35.221832596432385,
  "pct_amount_low_income": 5.993210919788316,
  "pct_amount_moderate_income": 26.095346739121993,
  "pct_amount_middle_income": 32.29839993874514,
  "pct_amount_upper_income": 33.913331032577155,
  "num_under_100k": 31271,
  "num_100k_250k": 847,
  "num_250k_1m": 677,
  "amt_under_100k": 399200.0,
  "amt_250k_1m": 364460.0,
  "numsb_under_1m": 17835,
  "amtsb_under_1m": 309896.0,
  "lmi_tract_loans": 8777,
  "lmi_tract_amount": 289167.0,
  "low_income_loans": 1494,
  "moderate_income_loans": 7283,
  "middle_income_loans": 11843,
  "upper_income_loans": 11551,
  "low_income_amount": 54008.0,
  "moderate_income_amount": 235159.0,
  "middle_income_amount": 291058.0,
  "upper_income_amount": 305611.0
}