{
  "state_fips": "38",
  "year": 2024,
  "total_loans": 16205,
  "total_amount": 1157536.0,
  "pct_loans_under_100k": 84.9922863313792,
  "pct_loans_100k_250k": 7.448318420240667,
  "pct_loans_250k_1m": 7.559395248380129,
  "pct_loans_sb_under_1m": 50.379512496143164,
  "pct_loans_lmi_tract": 16.081456340635604,
  "pct_amount_under_100k": 24.438980731484808,
  "pct_amount_250k_1m": 57.23009910706881,
  "pct_amount_sb_under_1m": 36.78468747408288,
  "pct_amount_lmi_tract": 20.800648964697427,
  "pct_loans_low_income": 2.702869484726936,
  "pct_loans_moderate_income": 13.378586855908669,
  "pct_loans_middle_income": 56.63684048133292,
  "pct_loans_upper_income": 27.071891391545822,
  "pct_amount_low_income": 3.4554432864291043,
  "pct_amount_moderate_income": 17.34520567826832,
  "pct_amount_middle_income": 50.08526732645896,
  "pct_amount_upper_income": 29.022509883061954,
  "num_under_100k": 13773,
  "num_100k_250k": 1207,
  "num_250k_1m": 1225,
  "amt_under_100k": 282890.0,
  "amt_250k_1m": 662459.0,
  "numsb_under_1m": 8164,
  "amtsb_under_1m": 425796.0,
  "lmi_tract_loans": 2606,
  "lmi_tract_amount": 240775.0,
  "low_income_loans": 438,
  "moderate_income_loans": 2168,
  "middle_income_loans": 9178,
  "upper_income_loans": 4387,
  "low_income_amount": 39998.0,
  "moderate_income_amount": 200777.0,
  "middle_income_amount": 579755.0,
  "upper_income_amount": 335946.0
}