{
  "state_fips": "46",
  "year": 2024,
  "total_loans": 17303,
  "total_amount": 1127774.0,
  "pct_loans_under_100k": 86.43587817141535,
  "pct_loans_100k_250k": 6.935213546783794,
  "pct_loans_250k_1m": 6.628908281800844,
  "pct_loans_sb_under_1m": 54.27382534820552,
  "pct_loans_lmi_tract": 19.464832687973182,
  "pct_amount_under_100k": 26.308817192097,
  "pct_amount_250k_1m": 55.49773270176471,
  "pct_amount_sb_under_1m": 38.34598066633918,
  "pct_amount_lmi_tract": 22.56072581918008,
  "pct_loans_low_income": 3.242212333121424,
  "pct_loans_moderate_income": 16.22262035485176,
  "pct_loans_middle_income": 56.47575564930937,
  "pct_loans_upper_income": 23.30231751719355,
  "pct_amount_low_income": 3.98599364766345,
  "pct_amount_moderate_income": 18.574732171516633,
  "pct_amount_middle_income": 54.6946462677806,
  "pct_amount_upper_income": 21.756043320736246,
  "num_under_100k": 14956,
  "num_100k_250k": 1200,
  "num_250k_1m": 1147,
  "amt_under_100k": 296704.0,
  "amt_250k_1m": 625889.0,
  "numsb_under_1m": 9391,
  "amtsb_under_1m": 432456.0,
  "lmi_tract_loans": 3368,
  "lmi_tract_amount": 254434.0,
  "low_income_loans": 561,
  "moderate_income_loans": 2807,
  "middle_income_loans": 9772,
  "upper_income_loans": 4032,
  "low_income_amount": 44953.0,
  "moderate_income_amount": 209481.0,
  "middle_income_amount": 616832.0,
  "upper_income_amount": 245359.0
}