{
  "state_fips": "72",
  "year": 2024,
  "total_loans": 22629,
  "total_amount": 1208622.0,
  "pct_loans_under_100k": 89.92443324937027,
  "pct_loans_100k_250k": 4.838923505236643,
  "pct_loans_250k_1m": 5.23664324539308,
  "pct_loans_sb_under_1m": 37.97781607671572,
  "pct_loans_lmi_tract": 18.935878739670333,
  "pct_amount_under_100k": 31.83435350341132,
  "pct_amount_250k_1m": 52.370468186082995,
  "pct_amount_sb_under_1m": 21.980569607371038,
  "pct_amount_lmi_tract": 17.959461270769523,
  "pct_loans_low_income": 3.8136903972778295,
  "pct_loans_moderate_income": 15.122188342392507,
  "pct_loans_middle_income": 32.73675372309868,
  "pct_loans_upper_income": 44.45622873304167,
  "pct_amount_low_income": 4.640574141460275,
  "pct_amount_moderate_income": 13.318887129309246,
  "pct_amount_middle_income": 32.29901491119639,
  "pct_amount_upper_income": 45.235069359981864,
  "num_under_100k": 20349,
  "num_100k_250k": 1095,
  "num_250k_1m": 1185,
  "amt_under_100k": 384757.0,
  "amt_250k_1m": 632961.0,
  "numsb_under_1m": 8594,
  "amtsb_under_1m": 265662.0,
  "lmi_tract_loans": 4285,
  "lmi_tract_amount": 217062.0,
  "low_income_loans": 863,
  "moderate_income_loans": 3422,
  "middle_income_loans": 7408,
  "upper_income_loans": 10060,
  "low_income_amount": 56087.0,
  "moderate_income_amount": 160975.0,
  "middle_income_amount": 390373.0,
  "upper_income_amount": 546721.0
}