{
  "year": 2024,
  "total_loans": 8694061,
  "total_amount": 257462673.0,
  "pct_loans_under_100k": 95.00931727992247,
  "pct_loans_100k_250k": 2.7998653333580243,
  "pct_loans_250k_1m": 2.190817386719509,
  "pct_loans_sb_under_1m": 53.85393546238058,
  "pct_loans_lmi_tract": 21.624727500761725,
  "pct_amount_under_100k": 44.44080521140243,
  "pct_amount_250k_1m": 39.81343462553114,
  "pct_amount_sb_under_1m": 34.57067308549228,
  "pct_amount_lmi_tract": 22.70769440819097,
  "pct_loans_low_income": 4.030602039714237,
  "pct_loans_moderate_income": 17.59412546104749,
  "pct_loans_middle_income": 37.42022283947628,
  "pct_loans_upper_income": 39.600550306697876,
  "pct_amount_low_income": 4.495060144116502,
  "pct_amount_moderate_income": 18.212634264074467,
  "pct_amount_middle_income": 37.50198810372795,
  "pct_amount_upper_income": 37.92479308252968,
  "num_under_100k": 8260168,
  "num_100k_250k": 243422,
  "num_250k_1m": 190471,
  "amt_under_100k": 114418485.0,
  "amt_250k_1m": 102504733.0,
  "numsb_under_1m": 4682094,
  "amtsb_under_1m": 89006579.0,
  "lmi_tract_loans": 1880067,
  "lmi_tract_amount": 58463837.0,
  "low_income_loans": 350423,
  "moderate_income_loans": 1529644,
  "middle_income_loans": 3253337,
  "upper_income_loans": 3442896,
  "low_income_amount": 11573102.0,
  "moderate_income_amount": 46890735.0,
  "middle_income_amount": 96553621.0,
  "upper_income_amount": 97642186.0
}