{
  "state_fips": "06",
  "year": 2024,
  "total_loans": 1371070,
  "total_amount": 32195696.0,
  "pct_loans_under_100k": 96.74400285908087,
  "pct_loans_100k_250k": 1.912593813590845,
  "pct_loans_250k_1m": 1.343403327328291,
  "pct_loans_sb_under_1m": 55.56579897452355,
  "pct_loans_lmi_tract": 21.826529644730027,
  "pct_amount_under_100k": 55.14095735032409,
  "pct_amount_250k_1m": 31.60393240139924,
  "pct_amount_sb_under_1m": 35.152897455610216,
  "pct_amount_lmi_tract": 23.55052985964335,
  "pct_loans_low_income": 3.3634314805225114,
  "pct_loans_moderate_income": 18.463098164207516,
  "pct_loans_middle_income": 32.85973728547776,
  "pct_loans_upper_income": 43.76311931557105,
  "pct_amount_low_income": 4.009445858850202,
  "pct_amount_moderate_income": 19.54108400079315,
  "pct_amount_middle_income": 32.611536026430365,
  "pct_amount_upper_income": 41.55082406045827,
  "num_under_100k": 1326428,
  "num_100k_250k": 26223,
  "num_250k_1m": 18419,
  "amt_under_100k": 17753015.0,
  "amt_250k_1m": 10175106.0,
  "numsb_under_1m": 761846,
  "amtsb_under_1m": 11317720.0,
  "lmi_tract_loans": 299257,
  "lmi_tract_amount": 7582257.0,
  "low_income_loans": 46115,
  "moderate_income_loans": 253142,
  "middle_income_loans": 450530,
  "upper_income_loans": 600023,
  "low_income_amount": 1290869.0,
  "moderate_income_amount": 6291388.0,
  "middle_income_amount": 10499511.0,
  "upper_income_amount": 13377577.0
}