{
  "state_fips": "09",
  "year": 2024,
  "total_loans": 101273,
  "total_amount": 2566314.0,
  "pct_loans_under_100k": 95.93376319453358,
  "pct_loans_100k_250k": 2.5001728002527823,
  "pct_loans_250k_1m": 1.5660640052136305,
  "pct_loans_sb_under_1m": 55.193388168613545,
  "pct_loans_lmi_tract": 24.350024192035388,
  "pct_amount_under_100k": 50.29649528467678,
  "pct_amount_250k_1m": 32.928940106315906,
  "pct_amount_sb_under_1m": 34.254498864908975,
  "pct_amount_lmi_tract": 25.04338907865522,
  "pct_loans_low_income": 7.117395554590068,
  "pct_loans_moderate_income": 17.23262863744532,
  "pct_loans_middle_income": 34.55807569638502,
  "pct_loans_upper_income": 40.91613756874982,
  "pct_amount_low_income": 7.307484586843231,
  "pct_amount_moderate_income": 17.73590449181199,
  "pct_amount_middle_income": 35.010641721940495,
  "pct_amount_upper_income": 39.706754512503146,
  "num_under_100k": 97155,
  "num_100k_250k": 2532,
  "num_250k_1m": 1586,
  "amt_under_100k": 1290766.0,
  "amt_250k_1m": 845060.0,
  "numsb_under_1m": 55896,
  "amtsb_under_1m": 879078.0,
  "lmi_tract_loans": 24660,
  "lmi_tract_amount": 642692.0,
  "low_income_loans": 7208,
  "moderate_income_loans": 17452,
  "middle_income_loans": 34998,
  "upper_income_loans": 41437,
  "low_income_amount": 187533.0,
  "moderate_income_amount": 455159.0,
  "middle_income_amount": 898483.0,
  "upper_income_amount": 1019000.0
}