{
  "state_fips": "11",
  "year": 2024,
  "total_loans": 20086,
  "total_amount": 599190.0,
  "pct_loans_under_100k": 95.48939559892462,
  "pct_loans_100k_250k": 2.339938265458528,
  "pct_loans_250k_1m": 2.1706661356168477,
  "pct_loans_sb_under_1m": 48.864881011649906,
  "pct_loans_lmi_tract": 16.18540276809718,
  "pct_amount_under_100k": 45.82836829720122,
  "pct_amount_250k_1m": 41.24735058996312,
  "pct_amount_sb_under_1m": 33.39041038735626,
  "pct_amount_lmi_tract": 12.975516947879637,
  "pct_loans_low_income": 8.841979488200737,
  "pct_loans_moderate_income": 7.343423279896445,
  "pct_loans_middle_income": 20.870257891068405,
  "pct_loans_upper_income": 60.50980782634671,
  "pct_amount_low_income": 7.347919691583638,
  "pct_amount_moderate_income": 5.627597256296,
  "pct_amount_middle_income": 24.41712979188571,
  "pct_amount_upper_income": 59.04955022613863,
  "num_under_100k": 19180,
  "num_100k_250k": 470,
  "num_250k_1m": 436,
  "amt_under_100k": 274599.0,
  "amt_250k_1m": 247150.0,
  "numsb_under_1m": 9815,
  "amtsb_under_1m": 200072.0,
  "lmi_tract_loans": 3251,
  "lmi_tract_amount": 77748.0,
  "low_income_loans": 1776,
  "moderate_income_loans": 1475,
  "middle_income_loans": 4192,
  "upper_income_loans": 12154,
  "low_income_amount": 44028.0,
  "moderate_income_amount": 33720.0,
  "middle_income_amount": 146305.0,
  "upper_income_amount": 353819.0
}