{
  "state_fips": "13",
  "year": 2024,
  "total_loans": 305391,
  "total_amount": 8488971.0,
  "pct_loans_under_100k": 95.35939173060109,
  "pct_loans_100k_250k": 2.6349826943164665,
  "pct_loans_250k_1m": 2.005625575082435,
  "pct_loans_sb_under_1m": 48.78467276376842,
  "pct_loans_lmi_tract": 23.024254152872874,
  "pct_amount_under_100k": 45.972968926386955,
  "pct_amount_250k_1m": 38.45210450124049,
  "pct_amount_sb_under_1m": 32.53115130208361,
  "pct_amount_lmi_tract": 25.614930243017675,
  "pct_loans_low_income": 3.997498289078591,
  "pct_loans_moderate_income": 19.026755863794286,
  "pct_loans_middle_income": 33.67846465678425,
  "pct_loans_upper_income": 41.090929333215456,
  "pct_amount_low_income": 4.70100557535183,
  "pct_amount_moderate_income": 20.913924667665846,
  "pct_amount_middle_income": 32.474230386698224,
  "pct_amount_upper_income": 39.29145240335961,
  "num_under_100k": 291219,
  "num_100k_250k": 8047,
  "num_250k_1m": 6125,
  "amt_under_100k": 3902632.0,
  "amt_250k_1m": 3264188.0,
  "numsb_under_1m": 148984,
  "amtsb_under_1m": 2761560.0,
  "lmi_tract_loans": 70314,
  "lmi_tract_amount": 2174444.0,
  "low_income_loans": 12208,
  "moderate_income_loans": 58106,
  "middle_income_loans": 102851,
  "upper_income_loans": 125488,
  "low_income_amount": 399067.0,
  "moderate_income_amount": 1775377.0,
  "middle_income_amount": 2756728.0,
  "upper_income_amount": 3335440.0
}