{
  "state_fips": "15",
  "year": 2024,
  "total_loans": 39406,
  "total_amount": 1117680.0,
  "pct_loans_under_100k": 95.6884738364716,
  "pct_loans_100k_250k": 2.4488656549763994,
  "pct_loans_250k_1m": 1.862660508551997,
  "pct_loans_sb_under_1m": 54.99923869461504,
  "pct_loans_lmi_tract": 21.01456630969903,
  "pct_amount_under_100k": 49.456373917400335,
  "pct_amount_250k_1m": 35.407630090902586,
  "pct_amount_sb_under_1m": 33.19170066566459,
  "pct_amount_lmi_tract": 22.874525803450005,
  "pct_loans_low_income": 2.2052479317870377,
  "pct_loans_moderate_income": 18.809318377911993,
  "pct_loans_middle_income": 52.07328833172613,
  "pct_loans_upper_income": 25.252499619347308,
  "pct_amount_low_income": 2.093354090616277,
  "pct_amount_moderate_income": 20.781171712833725,
  "pct_amount_middle_income": 53.10509269200486,
  "pct_amount_upper_income": 19.665109870445924,
  "num_under_100k": 37707,
  "num_100k_250k": 965,
  "num_250k_1m": 734,
  "amt_under_100k": 552764.0,
  "amt_250k_1m": 395744.0,
  "numsb_under_1m": 21673,
  "amtsb_under_1m": 370977.0,
  "lmi_tract_loans": 8281,
  "lmi_tract_amount": 255664.0,
  "low_income_loans": 869,
  "moderate_income_loans": 7412,
  "middle_income_loans": 20520,
  "upper_income_loans": 9951,
  "low_income_amount": 23397.0,
  "moderate_income_amount": 232267.0,
  "middle_income_amount": 593545.0,
  "upper_income_amount": 219793.0
}