{
  "state_fips": "16",
  "year": 2024,
  "total_loans": 43471,
  "total_amount": 1586347.0,
  "pct_loans_under_100k": 93.31738400312852,
  "pct_loans_100k_250k": 3.6484092843504867,
  "pct_loans_250k_1m": 3.034206712520991,
  "pct_loans_sb_under_1m": 53.58974948816453,
  "pct_loans_lmi_tract": 17.227577005359894,
  "pct_amount_under_100k": 38.283175118684625,
  "pct_amount_250k_1m": 44.92705568201661,
  "pct_amount_sb_under_1m": 32.03082301665398,
  "pct_amount_lmi_tract": 18.89265085129546,
  "pct_loans_low_income": 0.8603436773941249,
  "pct_loans_moderate_income": 16.36723332796577,
  "pct_loans_middle_income": 53.47473027995675,
  "pct_loans_upper_income": 29.095258908237675,
  "pct_amount_low_income": 1.0752376371626131,
  "pct_amount_moderate_income": 17.817413214132845,
  "pct_amount_middle_income": 53.040412973958404,
  "pct_amount_upper_income": 27.906630768677974,
  "num_under_100k": 40566,
  "num_100k_250k": 1586,
  "num_250k_1m": 1319,
  "amt_under_100k": 607304.0,
  "amt_250k_1m": 712699.0,
  "numsb_under_1m": 23296,
  "amtsb_under_1m": 508120.0,
  "lmi_tract_loans": 7489,
  "lmi_tract_amount": 299703.0,
  "low_income_loans": 374,
  "moderate_income_loans": 7115,
  "middle_income_loans": 23246,
  "upper_income_loans": 12648,
  "low_income_amount": 17057.0,
  "moderate_income_amount": 282646.0,
  "middle_income_amount": 841405.0,
  "upper_income_amount": 442696.0
}