{
  "state_fips": "18",
  "year": 2024,
  "total_loans": 110846,
  "total_amount": 4585481.0,
  "pct_loans_under_100k": 92.32177976652292,
  "pct_loans_100k_250k": 3.8152030745358423,
  "pct_loans_250k_1m": 3.8630171589412337,
  "pct_loans_sb_under_1m": 53.822420294823445,
  "pct_loans_lmi_tract": 19.486494776536816,
  "pct_amount_under_100k": 32.94188766674641,
  "pct_amount_250k_1m": 51.29003914747439,
  "pct_amount_sb_under_1m": 31.255150768261824,
  "pct_amount_lmi_tract": 22.938727692907243,
  "pct_loans_low_income": 4.263572884903379,
  "pct_loans_moderate_income": 15.222921891633437,
  "pct_loans_middle_income": 43.95918661927359,
  "pct_loans_upper_income": 35.15598217346589,
  "pct_amount_low_income": 5.610098482580126,
  "pct_amount_moderate_income": 17.32862921032712,
  "pct_amount_middle_income": 43.979900908977704,
  "pct_amount_upper_income": 31.00749954039718,
  "num_under_100k": 102335,
  "num_100k_250k": 4229,
  "num_250k_1m": 4282,
  "amt_under_100k": 1510544.0,
  "amt_250k_1m": 2351895.0,
  "numsb_under_1m": 59660,
  "amtsb_under_1m": 1433199.0,
  "lmi_tract_loans": 21600,
  "lmi_tract_amount": 1051851.0,
  "low_income_loans": 4726,
  "moderate_income_loans": 16874,
  "middle_income_loans": 48727,
  "upper_income_loans": 38969,
  "low_income_amount": 257250.0,
  "moderate_income_amount": 794601.0,
  "middle_income_amount": 2016690.0,
  "upper_income_amount": 1421843.0
}