{
  "state_fips": "19",
  "year": 2024,
  "total_loans": 46927,
  "total_amount": 2178689.0,
  "pct_loans_under_100k": 90.57898437999447,
  "pct_loans_100k_250k": 5.227267884160504,
  "pct_loans_250k_1m": 4.193747735845036,
  "pct_loans_sb_under_1m": 53.099494960257424,
  "pct_loans_lmi_tract": 17.73392716346666,
  "pct_amount_under_100k": 32.51184542630912,
  "pct_amount_250k_1m": 48.760194777685115,
  "pct_amount_sb_under_1m": 34.941747078174075,
  "pct_amount_lmi_tract": 20.8725063558865,
  "pct_loans_low_income": 2.4016024889722334,
  "pct_loans_moderate_income": 15.332324674494426,
  "pct_loans_middle_income": 54.727555565026535,
  "pct_loans_upper_income": 26.51352100070322,
  "pct_amount_low_income": 3.2755937171390683,
  "pct_amount_moderate_income": 17.59691263874743,
  "pct_amount_middle_income": 51.53769078560547,
  "pct_amount_upper_income": 26.045433744788728,
  "num_under_100k": 42506,
  "num_100k_250k": 2453,
  "num_250k_1m": 1968,
  "amt_under_100k": 708332.0,
  "amt_250k_1m": 1062333.0,
  "numsb_under_1m": 24918,
  "amtsb_under_1m": 761272.0,
  "lmi_tract_loans": 8322,
  "lmi_tract_amount": 454747.0,
  "low_income_loans": 1127,
  "moderate_income_loans": 7195,
  "middle_income_loans": 25682,
  "upper_income_loans": 12442,
  "low_income_amount": 71365.0,
  "moderate_income_amount": 383382.0,
  "middle_income_amount": 1122846.0,
  "upper_income_amount": 567449.0
}