{
  "state_fips": "22",
  "year": 2024,
  "total_loans": 99660,
  "total_amount": 3566499.0,
  "pct_loans_under_100k": 93.18884206301425,
  "pct_loans_100k_250k": 3.6453943407585796,
  "pct_loans_250k_1m": 3.1657635962271726,
  "pct_loans_sb_under_1m": 50.93718643387517,
  "pct_loans_lmi_tract": 24.41701786072647,
  "pct_amount_under_100k": 35.327165379830475,
  "pct_amount_250k_1m": 47.58103114566975,
  "pct_amount_sb_under_1m": 36.11998769661789,
  "pct_amount_lmi_tract": 25.551864727846553,
  "pct_loans_low_income": 5.751555287979129,
  "pct_loans_moderate_income": 18.66546257274734,
  "pct_loans_middle_income": 34.96287377082079,
  "pct_loans_upper_income": 38.96748946417821,
  "pct_amount_low_income": 6.684258147836296,
  "pct_amount_moderate_income": 18.867606580010257,
  "pct_amount_middle_income": 34.32623982230193,
  "pct_amount_upper_income": 38.12957749322234,
  "num_under_100k": 92872,
  "num_100k_250k": 3633,
  "num_250k_1m": 3155,
  "amt_under_100k": 1259943.0,
  "amt_250k_1m": 1696977.0,
  "numsb_under_1m": 50764,
  "amtsb_under_1m": 1288219.0,
  "lmi_tract_loans": 24334,
  "lmi_tract_amount": 911307.0,
  "low_income_loans": 5732,
  "moderate_income_loans": 18602,
  "middle_income_loans": 34844,
  "upper_income_loans": 38835,
  "low_income_amount": 238394.0,
  "moderate_income_amount": 672913.0,
  "middle_income_amount": 1224245.0,
  "upper_income_amount": 1359891.0
}