{
  "state_fips": "28",
  "year": 2024,
  "total_loans": 50021,
  "total_amount": 2224492.0,
  "pct_loans_under_100k": 90.5679614561884,
  "pct_loans_100k_250k": 5.311769056996061,
  "pct_loans_250k_1m": 4.120269486815538,
  "pct_loans_sb_under_1m": 53.24163851182503,
  "pct_loans_lmi_tract": 20.991183702844804,
  "pct_amount_under_100k": 33.220978092975834,
  "pct_amount_250k_1m": 46.98412041940362,
  "pct_amount_sb_under_1m": 40.926242935465716,
  "pct_amount_lmi_tract": 20.565639256063857,
  "pct_loans_low_income": 4.9859059195138045,
  "pct_loans_moderate_income": 16.005277783331,
  "pct_loans_middle_income": 39.179544591271664,
  "pct_loans_upper_income": 37.86609623957938,
  "pct_amount_low_income": 5.588017399028632,
  "pct_amount_moderate_income": 14.977621857035226,
  "pct_amount_middle_income": 40.518689210840044,
  "pct_amount_upper_income": 36.286397074028585,
  "num_under_100k": 45303,
  "num_100k_250k": 2657,
  "num_250k_1m": 2061,
  "amt_under_100k": 738998.0,
  "amt_250k_1m": 1045158.0,
  "numsb_under_1m": 26632,
  "amtsb_under_1m": 910401.0,
  "lmi_tract_loans": 10500,
  "lmi_tract_amount": 457481.0,
  "low_income_loans": 2494,
  "moderate_income_loans": 8006,
  "middle_income_loans": 19598,
  "upper_income_loans": 18941,
  "low_income_amount": 124305.0,
  "moderate_income_amount": 333176.0,
  "middle_income_amount": 901335.0,
  "upper_income_amount": 807188.0
}