{
  "state_fips": "29",
  "year": 2024,
  "total_loans": 125698,
  "total_amount": 5122937.0,
  "pct_loans_under_100k": 92.2393355502872,
  "pct_loans_100k_250k": 3.9403968241340355,
  "pct_loans_250k_1m": 3.820267625578768,
  "pct_loans_sb_under_1m": 54.97700838517717,
  "pct_loans_lmi_tract": 20.005091568680488,
  "pct_amount_under_100k": 32.462784531607554,
  "pct_amount_250k_1m": 51.066097435904446,
  "pct_amount_sb_under_1m": 35.66557621145839,
  "pct_amount_lmi_tract": 22.78981763781206,
  "pct_loans_low_income": 3.5418224633645723,
  "pct_loans_moderate_income": 16.463269105315916,
  "pct_loans_middle_income": 44.46848796321341,
  "pct_loans_upper_income": 34.672787156518005,
  "pct_amount_low_income": 4.954853046211578,
  "pct_amount_moderate_income": 17.83496459160048,
  "pct_amount_middle_income": 41.566136768810544,
  "pct_amount_upper_income": 34.20477355079713,
  "num_under_100k": 115943,
  "num_100k_250k": 4953,
  "num_250k_1m": 4802,
  "amt_under_100k": 1663048.0,
  "amt_250k_1m": 2616084.0,
  "numsb_under_1m": 69105,
  "amtsb_under_1m": 1827125.0,
  "lmi_tract_loans": 25146,
  "lmi_tract_amount": 1167508.0,
  "low_income_loans": 4452,
  "moderate_income_loans": 20694,
  "middle_income_loans": 55896,
  "upper_income_loans": 43583,
  "low_income_amount": 253834.0,
  "moderate_income_amount": 913674.0,
  "middle_income_amount": 2129407.0,
  "upper_income_amount": 1752289.0
}