{
  "state_fips": "32",
  "year": 2024,
  "total_loans": 91812,
  "total_amount": 2157243.0,
  "pct_loans_under_100k": 96.62571341436849,
  "pct_loans_100k_250k": 2.078159717683963,
  "pct_loans_250k_1m": 1.296126867947545,
  "pct_loans_sb_under_1m": 51.8407179889339,
  "pct_loans_lmi_tract": 23.252951683875747,
  "pct_amount_under_100k": 56.28035413720197,
  "pct_amount_250k_1m": 29.39386058965077,
  "pct_amount_sb_under_1m": 33.20831264720757,
  "pct_amount_lmi_tract": 25.01452084906522,
  "pct_loans_low_income": 2.9081165860671807,
  "pct_loans_moderate_income": 20.344835097808563,
  "pct_loans_middle_income": 34.52163115932558,
  "pct_loans_upper_income": 41.09157844290507,
  "pct_amount_low_income": 3.499883879562942,
  "pct_amount_moderate_income": 21.514636969502277,
  "pct_amount_middle_income": 34.19591580549803,
  "pct_amount_upper_income": 38.899790148814944,
  "num_under_100k": 88714,
  "num_100k_250k": 1908,
  "num_250k_1m": 1190,
  "amt_under_100k": 1214104.0,
  "amt_250k_1m": 634097.0,
  "numsb_under_1m": 47596,
  "amtsb_under_1m": 716384.0,
  "lmi_tract_loans": 21349,
  "lmi_tract_amount": 539624.0,
  "low_income_loans": 2670,
  "moderate_income_loans": 18679,
  "middle_income_loans": 31695,
  "upper_income_loans": 37727,
  "low_income_amount": 75501.0,
  "moderate_income_amount": 464123.0,
  "middle_income_amount": 737689.0,
  "upper_income_amount": 839163.0
}