{
  "state_fips": "33",
  "year": 2024,
  "total_loans": 35399,
  "total_amount": 928369.0,
  "pct_loans_under_100k": 95.68914376112319,
  "pct_loans_100k_250k": 2.641317551343258,
  "pct_loans_250k_1m": 1.669538687533546,
  "pct_loans_sb_under_1m": 54.510014407186645,
  "pct_loans_lmi_tract": 17.571117828187237,
  "pct_amount_under_100k": 50.443304332652204,
  "pct_amount_250k_1m": 33.08975202748045,
  "pct_amount_sb_under_1m": 33.32187955435823,
  "pct_amount_lmi_tract": 16.615375998121436,
  "pct_loans_low_income": 1.9463826661770107,
  "pct_loans_moderate_income": 15.624735162010225,
  "pct_loans_middle_income": 53.86592841605695,
  "pct_loans_upper_income": 28.300234469900282,
  "pct_amount_low_income": 2.04282995231422,
  "pct_amount_moderate_income": 14.572546045807217,
  "pct_amount_middle_income": 53.65108055094472,
  "pct_amount_upper_income": 29.295786481452957,
  "num_under_100k": 33873,
  "num_100k_250k": 935,
  "num_250k_1m": 591,
  "amt_under_100k": 468300.0,
  "amt_250k_1m": 307195.0,
  "numsb_under_1m": 19296,
  "amtsb_under_1m": 309350.0,
  "lmi_tract_loans": 6220,
  "lmi_tract_amount": 154252.0,
  "low_income_loans": 689,
  "moderate_income_loans": 5531,
  "middle_income_loans": 19068,
  "upper_income_loans": 10018,
  "low_income_amount": 18965.0,
  "moderate_income_amount": 135287.0,
  "middle_income_amount": 498080.0,
  "upper_income_amount": 271973.0
}