{
  "state_fips": "36",
  "year": 2024,
  "total_loans": 643255,
  "total_amount": 15696986.0,
  "pct_loans_under_100k": 96.12548678206933,
  "pct_loans_100k_250k": 2.48828225198405,
  "pct_loans_250k_1m": 1.3862309659466308,
  "pct_loans_sb_under_1m": 54.094099540617634,
  "pct_loans_lmi_tract": 24.690208393249954,
  "pct_amount_under_100k": 53.20702331008004,
  "pct_amount_250k_1m": 30.140486842505943,
  "pct_amount_sb_under_1m": 33.454416026108454,
  "pct_amount_lmi_tract": 22.85703127976288,
  "pct_loans_low_income": 7.959518386953852,
  "pct_loans_moderate_income": 16.730690006296104,
  "pct_loans_middle_income": 34.5867502001539,
  "pct_loans_upper_income": 37.76262912841719,
  "pct_amount_low_income": 7.0872905155168,
  "pct_amount_moderate_income": 15.769740764246079,
  "pct_amount_middle_income": 33.808477627488486,
  "pct_amount_upper_income": 38.89304609177838,
  "num_under_100k": 618332,
  "num_100k_250k": 16006,
  "num_250k_1m": 8917,
  "amt_under_100k": 8351899.0,
  "amt_250k_1m": 4731148.0,
  "numsb_under_1m": 347963,
  "amtsb_under_1m": 5251335.0,
  "lmi_tract_loans": 158821,
  "lmi_tract_amount": 3587865.0,
  "low_income_loans": 51200,
  "moderate_income_loans": 107621,
  "middle_income_loans": 222481,
  "upper_income_loans": 242910,
  "low_income_amount": 1112491.0,
  "moderate_income_amount": 2475374.0,
  "middle_income_amount": 5306912.0,
  "upper_income_amount": 6105036.0
}