{
  "state_fips": "37",
  "year": 2024,
  "total_loans": 247647,
  "total_amount": 8041341.0,
  "pct_loans_under_100k": 94.35244521435753,
  "pct_loans_100k_250k": 3.1064377925030384,
  "pct_loans_250k_1m": 2.541116993139428,
  "pct_loans_sb_under_1m": 55.04124822832499,
  "pct_loans_lmi_tract": 22.339862788565984,
  "pct_amount_under_100k": 42.16275618705885,
  "pct_amount_250k_1m": 41.72396121492671,
  "pct_amount_sb_under_1m": 36.50059113274764,
  "pct_amount_lmi_tract": 24.545881091225954,
  "pct_loans_low_income": 3.662874979305221,
  "pct_loans_moderate_income": 18.676987809260762,
  "pct_loans_middle_income": 40.02188599094679,
  "pct_loans_upper_income": 36.59281154223552,
  "pct_amount_low_income": 4.648378920878993,
  "pct_amount_moderate_income": 19.89750217034696,
  "pct_amount_middle_income": 39.42470540672259,
  "pct_amount_upper_income": 34.67676597721698,
  "num_under_100k": 233661,
  "num_100k_250k": 7693,
  "num_250k_1m": 6293,
  "amt_under_100k": 3390451.0,
  "amt_250k_1m": 3355166.0,
  "numsb_under_1m": 136308,
  "amtsb_under_1m": 2935137.0,
  "lmi_tract_loans": 55324,
  "lmi_tract_amount": 1973818.0,
  "low_income_loans": 9071,
  "moderate_income_loans": 46253,
  "middle_income_loans": 99113,
  "upper_income_loans": 90621,
  "low_income_amount": 373792.0,
  "moderate_income_amount": 1600026.0,
  "middle_income_amount": 3170275.0,
  "upper_income_amount": 2788477.0
}