{
  "state_fips": "40",
  "year": 2024,
  "total_loans": 75229,
  "total_amount": 2904320.0,
  "pct_loans_under_100k": 92.61455023993406,
  "pct_loans_100k_250k": 4.083531616796714,
  "pct_loans_250k_1m": 3.3019181432692184,
  "pct_loans_sb_under_1m": 55.07317656754709,
  "pct_loans_lmi_tract": 21.029124406811203,
  "pct_amount_under_100k": 37.21494187968268,
  "pct_amount_250k_1m": 45.26095609299251,
  "pct_amount_sb_under_1m": 41.038487494490965,
  "pct_amount_lmi_tract": 24.783770383428823,
  "pct_loans_low_income": 2.9403554480320087,
  "pct_loans_moderate_income": 18.088768958779195,
  "pct_loans_middle_income": 40.322216166637865,
  "pct_loans_upper_income": 37.901607093009346,
  "pct_amount_low_income": 3.803058891582195,
  "pct_amount_moderate_income": 20.98071149184663,
  "pct_amount_middle_income": 39.55982811811371,
  "pct_amount_upper_income": 34.59274460114588,
  "num_under_100k": 69673,
  "num_100k_250k": 3072,
  "num_250k_1m": 2484,
  "amt_under_100k": 1080841.0,
  "amt_250k_1m": 1314523.0,
  "numsb_under_1m": 41431,
  "amtsb_under_1m": 1191889.0,
  "lmi_tract_loans": 15820,
  "lmi_tract_amount": 719800.0,
  "low_income_loans": 2212,
  "moderate_income_loans": 13608,
  "middle_income_loans": 30334,
  "upper_income_loans": 28513,
  "low_income_amount": 110453.0,
  "moderate_income_amount": 609347.0,
  "middle_income_amount": 1148944.0,
  "upper_income_amount": 1004684.0
}