{
  "state_fips": "41",
  "year": 2024,
  "total_loans": 94029,
  "total_amount": 2576610.0,
  "pct_loans_under_100k": 95.77258079954056,
  "pct_loans_100k_250k": 2.254623573578364,
  "pct_loans_250k_1m": 1.9727956268810687,
  "pct_loans_sb_under_1m": 55.74982186346765,
  "pct_loans_lmi_tract": 19.642876133958673,
  "pct_amount_under_100k": 46.50075098676167,
  "pct_amount_250k_1m": 39.732555567198766,
  "pct_amount_sb_under_1m": 31.880765812443485,
  "pct_amount_lmi_tract": 20.894974404353007,
  "pct_loans_low_income": 1.4410447840559826,
  "pct_loans_moderate_income": 18.20183134990269,
  "pct_loans_middle_income": 47.570430399132185,
  "pct_loans_upper_income": 32.398515351646836,
  "pct_amount_low_income": 1.7042936261211437,
  "pct_amount_moderate_income": 19.190680778231865,
  "pct_amount_middle_income": 48.32306790705617,
  "pct_amount_upper_income": 30.127027373176386,
  "num_under_100k": 90054,
  "num_100k_250k": 2120,
  "num_250k_1m": 1855,
  "amt_under_100k": 1198143.0,
  "amt_250k_1m": 1023753.0,
  "numsb_under_1m": 52421,
  "amtsb_under_1m": 821443.0,
  "lmi_tract_loans": 18470,
  "lmi_tract_amount": 538382.0,
  "low_income_loans": 1355,
  "moderate_income_loans": 17115,
  "middle_income_loans": 44730,
  "upper_income_loans": 30464,
  "low_income_amount": 43913.0,
  "moderate_income_amount": 494469.0,
  "middle_income_amount": 1245097.0,
  "upper_income_amount": 776256.0
}