{
  "state_fips": "42",
  "year": 2024,
  "total_loans": 255960,
  "total_amount": 8075392.0,
  "pct_loans_under_100k": 94.34716361931552,
  "pct_loans_100k_250k": 3.13525550867323,
  "pct_loans_250k_1m": 2.517580872011252,
  "pct_loans_sb_under_1m": 54.57063603688076,
  "pct_loans_lmi_tract": 18.758790436005626,
  "pct_amount_under_100k": 40.81613623214824,
  "pct_amount_250k_1m": 42.38947161945823,
  "pct_amount_sb_under_1m": 34.470227575330085,
  "pct_amount_lmi_tract": 18.226062586187766,
  "pct_loans_low_income": 3.54391311142366,
  "pct_loans_moderate_income": 15.214877324581966,
  "pct_loans_middle_income": 44.84646038443507,
  "pct_loans_upper_income": 35.312548835755585,
  "pct_amount_low_income": 3.6076762589357894,
  "pct_amount_moderate_income": 14.618386327251978,
  "pct_amount_middle_income": 45.55396196246572,
  "pct_amount_upper_income": 34.60482166066985,
  "num_under_100k": 241491,
  "num_100k_250k": 8025,
  "num_250k_1m": 6444,
  "amt_under_100k": 3296063.0,
  "amt_250k_1m": 3423116.0,
  "numsb_under_1m": 139679,
  "amtsb_under_1m": 2783606.0,
  "lmi_tract_loans": 48015,
  "lmi_tract_amount": 1471826.0,
  "low_income_loans": 9071,
  "moderate_income_loans": 38944,
  "middle_income_loans": 114789,
  "upper_income_loans": 90386,
  "low_income_amount": 291334.0,
  "moderate_income_amount": 1180492.0,
  "middle_income_amount": 3678661.0,
  "upper_income_amount": 2794475.0
}