{
  "state_fips": "44",
  "year": 2024,
  "total_loans": 28389,
  "total_amount": 763328.0,
  "pct_loans_under_100k": 95.08612490753461,
  "pct_loans_100k_250k": 2.8954876888935854,
  "pct_loans_250k_1m": 2.0183874035718063,
  "pct_loans_sb_under_1m": 54.4048751276903,
  "pct_loans_lmi_tract": 20.455105850857727,
  "pct_amount_under_100k": 45.36568814454599,
  "pct_amount_250k_1m": 37.14471367485537,
  "pct_amount_sb_under_1m": 31.6897847321204,
  "pct_amount_lmi_tract": 17.482785905927727,
  "pct_loans_low_income": 7.273944133291063,
  "pct_loans_moderate_income": 13.181161717566663,
  "pct_loans_middle_income": 47.98689633308676,
  "pct_loans_upper_income": 31.350170840818624,
  "pct_amount_low_income": 6.3523151253458545,
  "pct_amount_moderate_income": 11.130470780581874,
  "pct_amount_middle_income": 53.793126938878174,
  "pct_amount_upper_income": 28.363298608199884,
  "num_under_100k": 26994,
  "num_100k_250k": 822,
  "num_250k_1m": 573,
  "amt_under_100k": 346289.0,
  "amt_250k_1m": 283536.0,
  "numsb_under_1m": 15445,
  "amtsb_under_1m": 241897.0,
  "lmi_tract_loans": 5807,
  "lmi_tract_amount": 133451.0,
  "low_income_loans": 2065,
  "moderate_income_loans": 3742,
  "middle_income_loans": 13623,
  "upper_income_loans": 8900,
  "low_income_amount": 48489.0,
  "moderate_income_amount": 84962.0,
  "middle_income_amount": 410618.0,
  "upper_income_amount": 216505.0
}