{
  "state_fips": "45",
  "year": 2024,
  "total_loans": 115759,
  "total_amount": 4026053.0,
  "pct_loans_under_100k": 93.62036645098868,
  "pct_loans_100k_250k": 3.6515519311673392,
  "pct_loans_250k_1m": 2.728081617843969,
  "pct_loans_sb_under_1m": 51.86810528770981,
  "pct_loans_lmi_tract": 20.528857367461708,
  "pct_amount_under_100k": 41.02424881142896,
  "pct_amount_250k_1m": 41.53974128010734,
  "pct_amount_sb_under_1m": 35.43890256784995,
  "pct_amount_lmi_tract": 25.02306849909825,
  "pct_loans_low_income": 3.1323698373344624,
  "pct_loans_moderate_income": 17.396487530127246,
  "pct_loans_middle_income": 41.25208407121693,
  "pct_loans_upper_income": 37.19969937542653,
  "pct_amount_low_income": 3.846968730913378,
  "pct_amount_moderate_income": 21.17609976818487,
  "pct_amount_middle_income": 38.863050238037104,
  "pct_amount_upper_income": 34.986350154853895,
  "num_under_100k": 108374,
  "num_100k_250k": 4227,
  "num_250k_1m": 3158,
  "amt_under_100k": 1651658.0,
  "amt_250k_1m": 1672412.0,
  "numsb_under_1m": 60042,
  "amtsb_under_1m": 1426789.0,
  "lmi_tract_loans": 23764,
  "lmi_tract_amount": 1007442.0,
  "low_income_loans": 3626,
  "moderate_income_loans": 20138,
  "middle_income_loans": 47753,
  "upper_income_loans": 43062,
  "low_income_amount": 154881.0,
  "moderate_income_amount": 852561.0,
  "middle_income_amount": 1564647.0,
  "upper_income_amount": 1408569.0
}