{
  "state_fips": "48",
  "year": 2024,
  "total_loans": 800731,
  "total_amount": 26179917.0,
  "pct_loans_under_100k": 94.23439332310102,
  "pct_loans_100k_250k": 3.1469994292715033,
  "pct_loans_250k_1m": 2.6186072476274806,
  "pct_loans_sb_under_1m": 51.85661601711436,
  "pct_loans_lmi_tract": 22.07920013088041,
  "pct_amount_under_100k": 40.95928569979805,
  "pct_amount_250k_1m": 42.94693142075279,
  "pct_amount_sb_under_1m": 34.924675276854394,
  "pct_amount_lmi_tract": 24.143124670716105,
  "pct_loans_low_income": 4.207655255010733,
  "pct_loans_moderate_income": 17.871544875869674,
  "pct_loans_middle_income": 30.688957964659792,
  "pct_loans_upper_income": 46.10012600985849,
  "pct_amount_low_income": 4.782375742444104,
  "pct_amount_moderate_income": 19.360748928272002,
  "pct_amount_middle_income": 29.98496901269779,
  "pct_amount_upper_income": 44.47391105174245,
  "num_under_100k": 754564,
  "num_100k_250k": 25199,
  "num_250k_1m": 20968,
  "amt_under_100k": 10723107.0,
  "amt_250k_1m": 11243471.0,
  "numsb_under_1m": 415232,
  "amtsb_under_1m": 9143251.0,
  "lmi_tract_loans": 176795,
  "lmi_tract_amount": 6320650.0,
  "low_income_loans": 33692,
  "moderate_income_loans": 143103,
  "middle_income_loans": 245736,
  "upper_income_loans": 369138,
  "low_income_amount": 1252022.0,
  "moderate_income_amount": 5068628.0,
  "middle_income_amount": 7850040.0,
  "upper_income_amount": 11643233.0
}