{
  "state_fips": "50",
  "year": 2024,
  "total_loans": 14299,
  "total_amount": 396610.0,
  "pct_loans_under_100k": 95.39827959997203,
  "pct_loans_100k_250k": 2.846352891810616,
  "pct_loans_250k_1m": 1.7553675082173579,
  "pct_loans_sb_under_1m": 52.933771592419056,
  "pct_loans_lmi_tract": 15.637457164836702,
  "pct_amount_under_100k": 46.6937293562946,
  "pct_amount_250k_1m": 35.90075893194826,
  "pct_amount_sb_under_1m": 32.02970172209476,
  "pct_amount_lmi_tract": 17.579990418799323,
  "pct_loans_low_income": 0.5594796838939786,
  "pct_loans_moderate_income": 15.077977480942723,
  "pct_loans_middle_income": 57.29771312679208,
  "pct_loans_upper_income": 26.37946709560109,
  "pct_amount_low_income": 0.2619701974231613,
  "pct_amount_moderate_income": 17.318020221376162,
  "pct_amount_middle_income": 54.84228839414034,
  "pct_amount_upper_income": 26.69448576687426,
  "num_under_100k": 13641,
  "num_100k_250k": 407,
  "num_250k_1m": 251,
  "amt_under_100k": 185192.0,
  "amt_250k_1m": 142386.0,
  "numsb_under_1m": 7569,
  "amtsb_under_1m": 127033.0,
  "lmi_tract_loans": 2236,
  "lmi_tract_amount": 69724.0,
  "low_income_loans": 80,
  "moderate_income_loans": 2156,
  "middle_income_loans": 8193,
  "upper_income_loans": 3772,
  "low_income_amount": 1039.0,
  "moderate_income_amount": 68685.0,
  "middle_income_amount": 217510.0,
  "upper_income_amount": 105873.0
}