{
  "state_fips": "51",
  "year": 2024,
  "total_loans": 194448,
  "total_amount": 5448420.0,
  "pct_loans_under_100k": 95.52425327079733,
  "pct_loans_100k_250k": 2.397041882662717,
  "pct_loans_250k_1m": 2.078704846539949,
  "pct_loans_sb_under_1m": 54.94476672426561,
  "pct_loans_lmi_tract": 20.61836583559615,
  "pct_amount_under_100k": 46.31105898590784,
  "pct_amount_250k_1m": 39.48667687145998,
  "pct_amount_sb_under_1m": 36.30208390689411,
  "pct_amount_lmi_tract": 21.147194966614176,
  "pct_loans_low_income": 3.572677528182342,
  "pct_loans_moderate_income": 17.045688307413805,
  "pct_loans_middle_income": 41.346272525302396,
  "pct_loans_upper_income": 37.31794618612688,
  "pct_amount_low_income": 3.85878841939498,
  "pct_amount_moderate_income": 17.288406547219193,
  "pct_amount_middle_income": 41.96502839355263,
  "pct_amount_upper_income": 35.69388923761384,
  "num_under_100k": 185745,
  "num_100k_250k": 4661,
  "num_250k_1m": 4042,
  "amt_under_100k": 2523221.0,
  "amt_250k_1m": 2151400.0,
  "numsb_under_1m": 106839,
  "amtsb_under_1m": 1977890.0,
  "lmi_tract_loans": 40092,
  "lmi_tract_amount": 1152188.0,
  "low_income_loans": 6947,
  "moderate_income_loans": 33145,
  "middle_income_loans": 80397,
  "upper_income_loans": 72564,
  "low_income_amount": 210243.0,
  "moderate_income_amount": 941945.0,
  "middle_income_amount": 2286431.0,
  "upper_income_amount": 1944753.0
}