{
  "state_fips": "55",
  "year": 2024,
  "total_loans": 95416,
  "total_amount": 4300974.0,
  "pct_loans_under_100k": 91.28552863251447,
  "pct_loans_100k_250k": 4.418546155781001,
  "pct_loans_250k_1m": 4.295925211704535,
  "pct_loans_sb_under_1m": 54.549551437913976,
  "pct_loans_lmi_tract": 15.908233419971493,
  "pct_amount_under_100k": 30.960731220416587,
  "pct_amount_250k_1m": 52.145723271054415,
  "pct_amount_sb_under_1m": 31.549830340755374,
  "pct_amount_lmi_tract": 16.420048110032752,
  "pct_loans_low_income": 3.194432799530477,
  "pct_loans_moderate_income": 12.713800620441015,
  "pct_loans_middle_income": 52.95967133394819,
  "pct_loans_upper_income": 30.41523434224868,
  "pct_amount_low_income": 3.384465937250493,
  "pct_amount_moderate_income": 13.03558217278226,
  "pct_amount_middle_income": 55.0009369970616,
  "pct_amount_upper_income": 27.75989810680092,
  "num_under_100k": 87101,
  "num_100k_250k": 4216,
  "num_250k_1m": 4099,
  "amt_under_100k": 1331613.0,
  "amt_250k_1m": 2242774.0,
  "numsb_under_1m": 52049,
  "amtsb_under_1m": 1356950.0,
  "lmi_tract_loans": 15179,
  "lmi_tract_amount": 706222.0,
  "low_income_loans": 3048,
  "moderate_income_loans": 12131,
  "middle_income_loans": 50532,
  "upper_income_loans": 29021,
  "low_income_amount": 145565.0,
  "moderate_income_amount": 560657.0,
  "middle_income_amount": 2365576.0,
  "upper_income_amount": 1193946.0
}