{
  "state_fips": "56",
  "year": 2024,
  "total_loans": 25897,
  "total_amount": 668380.0,
  "pct_loans_under_100k": 96.00339807699734,
  "pct_loans_100k_250k": 2.463605823068309,
  "pct_loans_250k_1m": 1.5329960999343553,
  "pct_loans_sb_under_1m": 48.57705525736572,
  "pct_loans_lmi_tract": 19.399930493879598,
  "pct_amount_under_100k": 54.24788294084204,
  "pct_amount_250k_1m": 30.1186450821389,
  "pct_amount_sb_under_1m": 37.44277207576528,
  "pct_amount_lmi_tract": 20.497321882761305,
  "pct_loans_low_income": 0.0,
  "pct_loans_moderate_income": 19.399930493879598,
  "pct_loans_middle_income": 65.98061551531066,
  "pct_loans_upper_income": 14.372321118276249,
  "pct_amount_low_income": 0.0,
  "pct_amount_moderate_income": 20.497321882761305,
  "pct_amount_middle_income": 62.876357760555365,
  "pct_amount_upper_income": 16.242706244950476,
  "num_under_100k": 24862,
  "num_100k_250k": 638,
  "num_250k_1m": 397,
  "amt_under_100k": 362582.0,
  "amt_250k_1m": 201307.0,
  "numsb_under_1m": 12580,
  "amtsb_under_1m": 250260.0,
  "lmi_tract_loans": 5024,
  "lmi_tract_amount": 137000.0,
  "low_income_loans": 0,
  "moderate_income_loans": 5024,
  "middle_income_loans": 17087,
  "upper_income_loans": 3722,
  "low_income_amount": 0.0,
  "moderate_income_amount": 137000.0,
  "middle_income_amount": 420253.0,
  "upper_income_amount": 108563.0
}