{
  "state_fips": "01",
  "year": 2024,
  "total_loans": 87349,
  "total_amount": 4036910.0,
  "pct_loans_under_100k": 90.70624735257415,
  "pct_loans_100k_250k": 4.886146378321446,
  "pct_loans_250k_1m": 4.407606269104397,
  "pct_loans_sb_under_1m": 47.978797696596416,
  "pct_loans_lmi_tract": 20.291016497040605,
  "pct_amount_under_100k": 30.219028910726276,
  "pct_amount_250k_1m": 51.55118642724263,
  "pct_amount_sb_under_1m": 31.01488514730326,
  "pct_amount_lmi_tract": 22.649080608683374,
  "pct_loans_low_income": 4.8689738863638965,
  "pct_loans_moderate_income": 15.422042610676712,
  "pct_loans_middle_income": 42.03597064648708,
  "pct_loans_upper_income": 36.08512976679756,
  "pct_amount_low_income": 6.828886450280041,
  "pct_amount_moderate_income": 15.820194158403334,
  "pct_amount_middle_income": 39.0084990747874,
  "pct_amount_upper_income": 36.31829790607172,
  "num_under_100k": 79231,
  "num_100k_250k": 4268,
  "num_250k_1m": 3850,
  "amt_under_100k": 1219915.0,
  "amt_250k_1m": 2081075.0,
  "numsb_under_1m": 41909,
  "amtsb_under_1m": 1252043.0,
  "lmi_tract_loans": 17724,
  "lmi_tract_amount": 914323.0,
  "low_income_loans": 4253,
  "moderate_income_loans": 13471,
  "middle_income_loans": 36718,
  "upper_income_loans": 31520,
  "low_income_amount": 275676.0,
  "moderate_income_amount": 638647.0,
  "middle_income_amount": 1574738.0,
  "upper_income_amount": 1466137.0
}