{
  "state_fips": "02",
  "year": 2024,
  "total_loans": 14040,
  "total_amount": 493532.0,
  "pct_loans_under_100k": 93.57549857549857,
  "pct_loans_100k_250k": 3.596866096866097,
  "pct_loans_250k_1m": 2.8276353276353277,
  "pct_loans_sb_under_1m": 50.947293447293454,
  "pct_loans_lmi_tract": 14.25925925925926,
  "pct_amount_under_100k": 39.215086357115645,
  "pct_amount_250k_1m": 43.7783162996523,
  "pct_amount_sb_under_1m": 31.095855993127092,
  "pct_amount_lmi_tract": 16.466004230728707,
  "pct_loans_low_income": 1.0541310541310542,
  "pct_loans_moderate_income": 13.205128205128206,
  "pct_loans_middle_income": 59.81481481481481,
  "pct_loans_upper_income": 25.8974358974359,
  "pct_amount_low_income": 2.3295348629876074,
  "pct_amount_moderate_income": 14.1364693677411,
  "pct_amount_middle_income": 59.56857913975183,
  "pct_amount_upper_income": 23.909493204088083,
  "num_under_100k": 13138,
  "num_100k_250k": 505,
  "num_250k_1m": 397,
  "amt_under_100k": 193539.0,
  "amt_250k_1m": 216060.0,
  "numsb_under_1m": 7153,
  "amtsb_under_1m": 153468.0,
  "lmi_tract_loans": 2002,
  "lmi_tract_amount": 81265.0,
  "low_income_loans": 148,
  "moderate_income_loans": 1854,
  "middle_income_loans": 8398,
  "upper_income_loans": 3636,
  "low_income_amount": 11497.0,
  "moderate_income_amount": 69768.0,
  "middle_income_amount": 293990.0,
  "upper_income_amount": 118001.0
}