{
  "state_fips": "12",
  "year": 2024,
  "total_loans": 882797,
  "total_amount": 21087924.0,
  "pct_loans_under_100k": 96.3144414854151,
  "pct_loans_100k_250k": 2.2363012108106393,
  "pct_loans_250k_1m": 1.4492573037742538,
  "pct_loans_sb_under_1m": 53.703852641094166,
  "pct_loans_lmi_tract": 23.05297820450228,
  "pct_amount_under_100k": 53.359913474650234,
  "pct_amount_250k_1m": 31.400245941705784,
  "pct_amount_sb_under_1m": 36.7529302552494,
  "pct_amount_lmi_tract": 24.426007984474907,
  "pct_loans_low_income": 2.4155043571738464,
  "pct_loans_moderate_income": 20.637473847328437,
  "pct_loans_middle_income": 35.06321385324146,
  "pct_loans_upper_income": 40.15464483907399,
  "pct_amount_low_income": 3.0627007191414384,
  "pct_amount_moderate_income": 21.363307265333468,
  "pct_amount_middle_income": 33.43605563070125,
  "pct_amount_upper_income": 39.87240280266564,
  "num_under_100k": 850261,
  "num_100k_250k": 19742,
  "num_250k_1m": 12794,
  "amt_under_100k": 11252498.0,
  "amt_250k_1m": 6621660.0,
  "numsb_under_1m": 474096,
  "amtsb_under_1m": 7750430.0,
  "lmi_tract_loans": 203511,
  "lmi_tract_amount": 5150938.0,
  "low_income_loans": 21324,
  "moderate_income_loans": 182187,
  "middle_income_loans": 309537,
  "upper_income_loans": 354484,
  "low_income_amount": 645860.0,
  "moderate_income_amount": 4505078.0,
  "middle_income_amount": 7050970.0,
  "upper_income_amount": 8408262.0
}