{
  "state_fips": "21",
  "year": 2024,
  "total_loans": 72591,
  "total_amount": 2784157.0,
  "pct_loans_under_100k": 92.69468666914631,
  "pct_loans_100k_250k": 3.8641153862049014,
  "pct_loans_250k_1m": 3.4411979446487857,
  "pct_loans_sb_under_1m": 54.14307558788279,
  "pct_loans_lmi_tract": 20.948877960077695,
  "pct_amount_under_100k": 34.6847896867885,
  "pct_amount_250k_1m": 48.142076757883984,
  "pct_amount_sb_under_1m": 34.614570945532165,
  "pct_amount_lmi_tract": 23.9590296093216,
  "pct_loans_low_income": 3.432932457191663,
  "pct_loans_moderate_income": 17.515945502886034,
  "pct_loans_middle_income": 42.72430466586767,
  "pct_loans_upper_income": 34.72055764488711,
  "pct_amount_low_income": 5.184729165776212,
  "pct_amount_moderate_income": 18.77430044354539,
  "pct_amount_middle_income": 40.08297664248101,
  "pct_amount_upper_income": 33.010961666314074,
  "num_under_100k": 67288,
  "num_100k_250k": 2805,
  "num_250k_1m": 2498,
  "amt_under_100k": 965679.0,
  "amt_250k_1m": 1340351.0,
  "numsb_under_1m": 39303,
  "amtsb_under_1m": 963724.0,
  "lmi_tract_loans": 15207,
  "lmi_tract_amount": 667057.0,
  "low_income_loans": 2492,
  "moderate_income_loans": 12715,
  "middle_income_loans": 31014,
  "upper_income_loans": 25204,
  "low_income_amount": 144351.0,
  "moderate_income_amount": 522706.0,
  "middle_income_amount": 1115973.0,
  "upper_income_amount": 919077.0
}