{
  "state_fips": "27",
  "year": 2024,
  "total_loans": 103391,
  "total_amount": 3964316.0,
  "pct_loans_under_100k": 93.2682728670774,
  "pct_loans_100k_250k": 3.440338133880125,
  "pct_loans_250k_1m": 3.2913889990424696,
  "pct_loans_sb_under_1m": 50.915456857947014,
  "pct_loans_lmi_tract": 18.60219941774429,
  "pct_amount_under_100k": 37.337134577566474,
  "pct_amount_250k_1m": 47.365674179354016,
  "pct_amount_sb_under_1m": 31.722294590037727,
  "pct_amount_lmi_tract": 19.99358779673467,
  "pct_loans_low_income": 2.448955905252875,
  "pct_loans_moderate_income": 16.153243512491418,
  "pct_loans_middle_income": 48.65994138754824,
  "pct_loans_upper_income": 32.050178448801155,
  "pct_amount_low_income": 2.411563558505427,
  "pct_amount_moderate_income": 17.582024238229245,
  "pct_amount_middle_income": 48.133725969372776,
  "pct_amount_upper_income": 31.116919034708634,
  "num_under_100k": 96431,
  "num_100k_250k": 3557,
  "num_250k_1m": 3403,
  "amt_under_100k": 1480162.0,
  "amt_250k_1m": 1877725.0,
  "numsb_under_1m": 52642,
  "amtsb_under_1m": 1257572.0,
  "lmi_tract_loans": 19233,
  "lmi_tract_amount": 792609.0,
  "low_income_loans": 2532,
  "moderate_income_loans": 16701,
  "middle_income_loans": 50310,
  "upper_income_loans": 33137,
  "low_income_amount": 95602.0,
  "moderate_income_amount": 697007.0,
  "middle_income_amount": 1908173.0,
  "upper_income_amount": 1233573.0
}