{
  "state_fips": "31",
  "year": 2024,
  "total_loans": 35348,
  "total_amount": 1598304.0,
  "pct_loans_under_100k": 91.30926785108069,
  "pct_loans_100k_250k": 4.599977367885029,
  "pct_loans_250k_1m": 4.0907547810342875,
  "pct_loans_sb_under_1m": 54.116215910376816,
  "pct_loans_lmi_tract": 15.01640828335408,
  "pct_amount_under_100k": 33.79532304242497,
  "pct_amount_250k_1m": 48.91441177648307,
  "pct_amount_sb_under_1m": 35.331326205778126,
  "pct_amount_lmi_tract": 15.801874987486736,
  "pct_loans_low_income": 1.8784655426049564,
  "pct_loans_moderate_income": 13.137942740749123,
  "pct_loans_middle_income": 48.950435668213196,
  "pct_loans_upper_income": 35.74176756817924,
  "pct_amount_low_income": 1.9012027749414377,
  "pct_amount_moderate_income": 13.900672212545299,
  "pct_amount_middle_income": 48.99011702404549,
  "pct_amount_upper_income": 34.705975834384446,
  "num_under_100k": 32276,
  "num_100k_250k": 1626,
  "num_250k_1m": 1446,
  "amt_under_100k": 540152.0,
  "amt_250k_1m": 781801.0,
  "numsb_under_1m": 19129,
  "amtsb_under_1m": 564702.0,
  "lmi_tract_loans": 5308,
  "lmi_tract_amount": 252562.0,
  "low_income_loans": 664,
  "moderate_income_loans": 4644,
  "middle_income_loans": 17303,
  "upper_income_loans": 12634,
  "low_income_amount": 30387.0,
  "moderate_income_amount": 222175.0,
  "middle_income_amount": 783011.0,
  "upper_income_amount": 554707.0
}