{
  "state_fips": "34",
  "year": 2024,
  "total_loans": 332078,
  "total_amount": 8329143.0,
  "pct_loans_under_100k": 96.02262119140684,
  "pct_loans_100k_250k": 2.404856690295653,
  "pct_loans_250k_1m": 1.5725221182975084,
  "pct_loans_sb_under_1m": 55.209920560832096,
  "pct_loans_lmi_tract": 23.221050476092966,
  "pct_amount_under_100k": 50.43014629476286,
  "pct_amount_250k_1m": 33.53486667235753,
  "pct_amount_sb_under_1m": 34.1541380667855,
  "pct_amount_lmi_tract": 20.665487433701163,
  "pct_loans_low_income": 7.861707189274809,
  "pct_loans_moderate_income": 15.359343286818158,
  "pct_loans_middle_income": 31.6747872487789,
  "pct_loans_upper_income": 44.56543342226826,
  "pct_amount_low_income": 6.876721890835588,
  "pct_amount_moderate_income": 13.788765542865574,
  "pct_amount_middle_income": 32.782280241796784,
  "pct_amount_upper_income": 45.691327427083436,
  "num_under_100k": 318870,
  "num_100k_250k": 7986,
  "num_250k_1m": 5222,
  "amt_under_100k": 4200399.0,
  "amt_250k_1m": 2793167.0,
  "numsb_under_1m": 183340,
  "amtsb_under_1m": 2844747.0,
  "lmi_tract_loans": 77112,
  "lmi_tract_amount": 1721258.0,
  "low_income_loans": 26107,
  "moderate_income_loans": 51005,
  "middle_income_loans": 105185,
  "upper_income_loans": 147992,
  "low_income_amount": 572772.0,
  "moderate_income_amount": 1148486.0,
  "middle_income_amount": 2730483.0,
  "upper_income_amount": 3805696.0
}