{
  "state_fips": "39",
  "year": 2024,
  "total_loans": 210572,
  "total_amount": 6871229.0,
  "pct_loans_under_100k": 94.21480538723097,
  "pct_loans_100k_250k": 3.1338449556446255,
  "pct_loans_250k_1m": 2.651349657124404,
  "pct_loans_sb_under_1m": 54.9944911954106,
  "pct_loans_lmi_tract": 20.015481640484015,
  "pct_amount_under_100k": 39.96119180426093,
  "pct_amount_250k_1m": 43.894010809419974,
  "pct_amount_sb_under_1m": 32.60377437573395,
  "pct_amount_lmi_tract": 21.516223662462714,
  "pct_loans_low_income": 5.297000550880459,
  "pct_loans_moderate_income": 14.718481089603555,
  "pct_loans_middle_income": 37.457971620158425,
  "pct_loans_upper_income": 41.591949546948314,
  "pct_amount_low_income": 6.31934985720895,
  "pct_amount_moderate_income": 15.19687380525376,
  "pct_amount_middle_income": 35.640043433278095,
  "pct_amount_upper_income": 41.601305967243995,
  "num_under_100k": 198390,
  "num_100k_250k": 6599,
  "num_250k_1m": 5583,
  "amt_under_100k": 2745825.0,
  "amt_250k_1m": 3016058.0,
  "numsb_under_1m": 115803,
  "amtsb_under_1m": 2240280.0,
  "lmi_tract_loans": 42147,
  "lmi_tract_amount": 1478429.0,
  "low_income_loans": 11154,
  "moderate_income_loans": 30993,
  "middle_income_loans": 78876,
  "upper_income_loans": 87581,
  "low_income_amount": 434217.0,
  "moderate_income_amount": 1044212.0,
  "middle_income_amount": 2448909.0,
  "upper_income_amount": 2858521.0
}