{
  "state_fips": "47",
  "year": 2024,
  "total_loans": 138653,
  "total_amount": 5518426.0,
  "pct_loans_under_100k": 92.37593128168882,
  "pct_loans_100k_250k": 4.092951468774567,
  "pct_loans_250k_1m": 3.531117249536613,
  "pct_loans_sb_under_1m": 51.62816527590459,
  "pct_loans_lmi_tract": 21.351864005827498,
  "pct_amount_under_100k": 34.2084318970663,
  "pct_amount_250k_1m": 48.16532830194697,
  "pct_amount_sb_under_1m": 34.77145475902005,
  "pct_amount_lmi_tract": 24.826445076911423,
  "pct_loans_low_income": 3.679689584790809,
  "pct_loans_moderate_income": 17.672174421036686,
  "pct_loans_middle_income": 39.643570640375614,
  "pct_loans_upper_income": 37.627746965446114,
  "pct_amount_low_income": 4.959783822416029,
  "pct_amount_moderate_income": 19.866661254495394,
  "pct_amount_middle_income": 35.43582898456915,
  "pct_amount_upper_income": 37.54713753523197,
  "num_under_100k": 128082,
  "num_100k_250k": 5675,
  "num_250k_1m": 4896,
  "amt_under_100k": 1887767.0,
  "amt_250k_1m": 2657968.0,
  "numsb_under_1m": 71584,
  "amtsb_under_1m": 1918837.0,
  "lmi_tract_loans": 29605,
  "lmi_tract_amount": 1370029.0,
  "low_income_loans": 5102,
  "moderate_income_loans": 24503,
  "middle_income_loans": 54967,
  "upper_income_loans": 52172,
  "low_income_amount": 273702.0,
  "moderate_income_amount": 1096327.0,
  "middle_income_amount": 1955500.0,
  "upper_income_amount": 2072011.0
}