{
  "state_fips": "49",
  "year": 2024,
  "total_loans": 92600,
  "total_amount": 2880158.0,
  "pct_loans_under_100k": 94.51727861771059,
  "pct_loans_100k_250k": 3.248380129589633,
  "pct_loans_250k_1m": 2.2343412526997843,
  "pct_loans_sb_under_1m": 47.734341252699785,
  "pct_loans_lmi_tract": 14.733261339092873,
  "pct_amount_under_100k": 45.36598339396658,
  "pct_amount_250k_1m": 37.61564469727008,
  "pct_amount_sb_under_1m": 29.39300552261369,
  "pct_amount_lmi_tract": 16.70189621541596,
  "pct_loans_low_income": 1.888768898488121,
  "pct_loans_moderate_income": 12.844492440604752,
  "pct_loans_middle_income": 48.518358531317496,
  "pct_loans_upper_income": 36.26133909287257,
  "pct_amount_low_income": 2.0309302475766957,
  "pct_amount_moderate_income": 14.670965967839264,
  "pct_amount_middle_income": 51.339891769826515,
  "pct_amount_upper_income": 31.101002097801576,
  "num_under_100k": 87523,
  "num_100k_250k": 3008,
  "num_250k_1m": 2069,
  "amt_under_100k": 1306612.0,
  "amt_250k_1m": 1083390.0,
  "numsb_under_1m": 44202,
  "amtsb_under_1m": 846565.0,
  "lmi_tract_loans": 13643,
  "lmi_tract_amount": 481041.0,
  "low_income_loans": 1749,
  "moderate_income_loans": 11894,
  "middle_income_loans": 44928,
  "upper_income_loans": 33578,
  "low_income_amount": 58494.0,
  "moderate_income_amount": 422547.0,
  "middle_income_amount": 1478670.0,
  "upper_income_amount": 895758.0
}