{
  "state_fips": "53",
  "year": 2024,
  "total_loans": 180948,
  "total_amount": 5036643.0,
  "pct_loans_under_100k": 95.76729226076,
  "pct_loans_100k_250k": 2.1652629484713843,
  "pct_loans_250k_1m": 2.0674447907686186,
  "pct_loans_sb_under_1m": 55.52258107301545,
  "pct_loans_lmi_tract": 22.420805977407873,
  "pct_amount_under_100k": 45.53356273216109,
  "pct_amount_250k_1m": 41.43764011068484,
  "pct_amount_sb_under_1m": 33.89491770609908,
  "pct_amount_lmi_tract": 25.675296025547173,
  "pct_loans_low_income": 3.4866370448968764,
  "pct_loans_moderate_income": 18.934168932510996,
  "pct_loans_middle_income": 44.320467758693106,
  "pct_loans_upper_income": 31.70303070495391,
  "pct_amount_low_income": 4.504945059635952,
  "pct_amount_moderate_income": 21.170350965911222,
  "pct_amount_middle_income": 44.35726335974179,
  "pct_amount_upper_income": 28.166320305012682,
  "num_under_100k": 173289,
  "num_100k_250k": 3918,
  "num_250k_1m": 3741,
  "amt_under_100k": 2293363.0,
  "amt_250k_1m": 2087066.0,
  "numsb_under_1m": 100467,
  "amtsb_under_1m": 1707166.0,
  "lmi_tract_loans": 40570,
  "lmi_tract_amount": 1293173.0,
  "low_income_loans": 6309,
  "moderate_income_loans": 34261,
  "middle_income_loans": 80197,
  "upper_income_loans": 57366,
  "low_income_amount": 226898.0,
  "moderate_income_amount": 1066275.0,
  "middle_income_amount": 2234117.0,
  "upper_income_amount": 1418637.0
}