{
  "state_fips": "54",
  "year": 2024,
  "total_loans": 20846,
  "total_amount": 765025.0,
  "pct_loans_under_100k": 92.5597236879977,
  "pct_loans_100k_250k": 4.384534203204452,
  "pct_loans_250k_1m": 3.0557421087978507,
  "pct_loans_sb_under_1m": 52.85426460711887,
  "pct_loans_lmi_tract": 20.363618919696826,
  "pct_amount_under_100k": 36.7750073527009,
  "pct_amount_250k_1m": 43.49648704290709,
  "pct_amount_sb_under_1m": 36.773830920558154,
  "pct_amount_lmi_tract": 19.075193621123493,
  "pct_loans_low_income": 2.1299050177492083,
  "pct_loans_moderate_income": 18.233713901947617,
  "pct_loans_middle_income": 50.916242924302026,
  "pct_loans_upper_income": 28.13009690108414,
  "pct_amount_low_income": 2.359138590242149,
  "pct_amount_moderate_income": 16.716055030881343,
  "pct_amount_middle_income": 50.095879219633346,
  "pct_amount_upper_income": 30.298748406914804,
  "num_under_100k": 19295,
  "num_100k_250k": 914,
  "num_250k_1m": 637,
  "amt_under_100k": 281338.0,
  "amt_250k_1m": 332759.0,
  "numsb_under_1m": 11018,
  "amtsb_under_1m": 281329.0,
  "lmi_tract_loans": 4245,
  "lmi_tract_amount": 145930.0,
  "low_income_loans": 444,
  "moderate_income_loans": 3801,
  "middle_income_loans": 10614,
  "upper_income_loans": 5864,
  "low_income_amount": 18048.0,
  "moderate_income_amount": 127882.0,
  "middle_income_amount": 383246.0,
  "upper_income_amount": 231793.0
}